generation,evaluated_individuals,min_fitness,max_fitness,avg_fitness,std_fitness
0,10,0.002096538315576127,0.003111141823453167,0.0027580249466833693,0.0004346902328545371
