generation,evaluated_individuals,min_fitness,max_fitness,avg_fitness,std_fitness
0,2,0.0029663189890878176,0.0029994527923168494,0.0029828858907023333,1.6566901614494327e-05
